event_id,name,kind,start,end,peak,scope,category_uplift,pre_window_days,post_dip,regional_intensity,notes
EV-BTC-24,Back-to-College 2024,season,2024-06-15,2024-07-31,2024-07-10,national,"{""TV"": 1.0, ""PHN"": 1.1, ""LAP"": 1.7, ""TAB"": 1.4, ""AC"": 1.0, ""REF"": 1.0, ""WM"": 1.0, ""KIT"": 1.0, ""AUD"": 1.2, ""WEA"": 1.1, ""GAM"": 1.0, ""ACC"": 1.25}",10,0.05,"{""default"": 1.0}",laptops/tablets for new academic year
EV-IND-24,Independence Day Sale 2024,retailer_sale,2024-08-09,2024-08-15,2024-08-15,national,"{""TV"": 1.35, ""PHN"": 1.3, ""LAP"": 1.3, ""TAB"": 1.25, ""AC"": 1.2, ""REF"": 1.25, ""WM"": 1.25, ""KIT"": 1.2, ""AUD"": 1.3, ""WEA"": 1.3, ""GAM"": 1.25, ""ACC"": 1.2}",3,0.05,"{""default"": 1.0}",retailer sale window
EV-ONM-24,Onam 2024,festival,2024-09-06,2024-09-15,2024-09-15,Kochi,"{""TV"": 1.8, ""PHN"": 1.5, ""LAP"": 1.2, ""TAB"": 1.2, ""AC"": 1.2, ""REF"": 1.7, ""WM"": 1.6, ""KIT"": 1.4, ""AUD"": 1.3, ""WEA"": 1.3, ""GAM"": 1.1, ""ACC"": 1.2}",10,0.1,"{""default"": 0.0, ""KOC"": 1.0, ""CHE"": 0.12, ""BLR"": 0.1}",dates approximate; verify against a panchang
EV-GAN-24,Ganesh Chaturthi 2024,festival,2024-09-07,2024-09-17,2024-09-07,Mumbai/Pune,"{""TV"": 1.4, ""PHN"": 1.3, ""LAP"": 1.1, ""TAB"": 1.1, ""AC"": 1.0, ""REF"": 1.3, ""WM"": 1.25, ""KIT"": 1.3, ""AUD"": 1.3, ""WEA"": 1.2, ""GAM"": 1.1, ""ACC"": 1.1}",7,0.05,"{""default"": 0.1, ""MUM"": 1.0, ""PUN"": 1.0, ""HYD"": 0.5, ""AMD"": 0.3, ""BLR"": 0.3}",dates approximate; verify against a panchang
EV-LNCH-24B,Nimbus launch (autumn 2024),launch,2024-09-09,2024-09-23,2024-09-12,national,"{""TV"": 1.0, ""PHN"": 1.35, ""LAP"": 1.0, ""TAB"": 1.0, ""AC"": 1.0, ""REF"": 1.0, ""WM"": 1.0, ""KIT"": 1.0, ""AUD"": 1.05, ""WEA"": 1.1, ""GAM"": 1.0, ""ACC"": 1.0}",5,0.05,"{""default"": 1.0}",new phone launch window
EV-NAV-24,Navratri 2024,festival,2024-10-03,2024-10-12,2024-10-12,national (strong West),"{""TV"": 1.5, ""PHN"": 1.4, ""LAP"": 1.2, ""TAB"": 1.2, ""AC"": 0.95, ""REF"": 1.4, ""WM"": 1.4, ""KIT"": 1.3, ""AUD"": 1.3, ""WEA"": 1.3, ""GAM"": 1.15, ""ACC"": 1.15}",10,0.05,"{""default"": 0.6, ""AMD"": 1.6, ""MUM"": 1.2, ""PUN"": 1.1, ""DEL"": 0.9, ""JAI"": 1.0, ""LKO"": 0.9, ""CHD"": 0.8, ""BLR"": 0.4, ""HYD"": 0.6, ""CHE"": 0.35, ""KOC"": 0.25, ""KOL"": 0.5}",dates approximate; verify against a panchang
EV-DUR-24,Durga Puja 2024,festival,2024-10-09,2024-10-13,2024-10-11,Kolkata x2.2,"{""TV"": 2.2, ""PHN"": 1.6, ""LAP"": 1.3, ""TAB"": 1.3, ""AC"": 1.0, ""REF"": 2.2, ""WM"": 1.6, ""KIT"": 1.5, ""AUD"": 1.5, ""WEA"": 1.4, ""GAM"": 1.2, ""ACC"": 1.3}",10,0.15,"{""default"": 0.04, ""KOL"": 1.0, ""DEL"": 0.12, ""LKO"": 0.08, ""MUM"": 0.05, ""BLR"": 0.05}",dates approximate; verify against a panchang
EV-DUS-24,Dussehra 2024,festival,2024-10-12,2024-10-12,2024-10-12,national,"{""TV"": 1.4, ""PHN"": 1.3, ""LAP"": 1.2, ""TAB"": 1.15, ""AC"": 1.0, ""REF"": 1.3, ""WM"": 1.3, ""KIT"": 1.2, ""AUD"": 1.2, ""WEA"": 1.2, ""GAM"": 1.1, ""ACC"": 1.1}",5,0.05,"{""default"": 1.0, ""KOL"": 0.5, ""BLR"": 1.1, ""HYD"": 1.1, ""CHE"": 0.7, ""KOC"": 0.6}",dates approximate; verify against a panchang
EV-DIW-24,Diwali 2024,festival,2024-10-25,2024-11-03,2024-10-31,national,"{""TV"": 1.9, ""PHN"": 1.4, ""LAP"": 1.3, ""TAB"": 1.3, ""AC"": 0.8, ""REF"": 1.6, ""WM"": 1.5, ""KIT"": 1.5, ""AUD"": 1.5, ""WEA"": 1.5, ""GAM"": 1.4, ""ACC"": 1.3}",21,0.25,"{""default"": 1.0, ""DEL"": 1.25, ""JAI"": 1.25, ""LKO"": 1.3, ""CHD"": 1.2, ""AMD"": 1.15, ""MUM"": 1.05, ""PUN"": 1.05, ""HYD"": 0.95, ""BLR"": 0.9, ""CHE"": 0.75, ""KOC"": 0.65, ""KOL"": 0.85}",dates approximate; verify against a panchang
EV-MEGA-24,Prometheus Mega Fest 2024,retailer_sale,2024-10-25,2024-11-03,,retailer sale window,"{""TV"": 1.2, ""PHN"": 1.15, ""LAP"": 1.15, ""TAB"": 1.15, ""AC"": 1.05, ""REF"": 1.15, ""WM"": 1.15, ""KIT"": 1.15, ""AUD"": 1.15, ""WEA"": 1.15, ""GAM"": 1.15, ""ACC"": 1.15}",2,0.0,"{""default"": 1.0}",dates approximate; verify against a panchang
EV-DHN-24,Dhanteras 2024,festival,2024-10-27,2024-10-29,2024-10-29,"national (appliances, TVs)","{""TV"": 1.8, ""PHN"": 1.3, ""LAP"": 1.15, ""TAB"": 1.1, ""AC"": 1.1, ""REF"": 2.0, ""WM"": 1.9, ""KIT"": 1.9, ""AUD"": 1.2, ""WEA"": 1.2, ""GAM"": 1.1, ""ACC"": 1.15}",7,0.05,"{""default"": 1.0, ""DEL"": 1.3, ""JAI"": 1.3, ""LKO"": 1.3, ""CHD"": 1.2, ""AMD"": 1.2, ""MUM"": 1.0, ""PUN"": 1.0, ""HYD"": 0.9, ""BLR"": 0.8, ""CHE"": 0.6, ""KOC"": 0.5, ""KOL"": 0.8}",dates approximate; verify against a panchang
EV-WIN-24,Winter cool-down 2024-25,season,2024-11-01,2025-02-20,2025-01-05,North/East,"{""TV"": 1.0, ""PHN"": 1.0, ""LAP"": 1.0, ""TAB"": 1.0, ""AC"": 0.15, ""REF"": 0.85, ""WM"": 1.0, ""KIT"": 1.0, ""AUD"": 1.0, ""WEA"": 1.0, ""GAM"": 1.0, ""ACC"": 1.0}",30,0.0,"{""default"": 1.0, ""KOL"": 0.9, ""AMD"": 0.7, ""MUM"": 0.35, ""PUN"": 0.55, ""HYD"": 0.6, ""BLR"": 0.5, ""CHE"": 0.05, ""KOC"": 0.05}",AC demand collapses in north; Chennai/Kochi unaffected
EV-XMAS-24,Christmas & New Year 2024,festival,2024-12-20,2025-01-01,2024-12-25,"national (Kochi, Goa x)","{""TV"": 1.15, ""PHN"": 1.3, ""LAP"": 1.2, ""TAB"": 1.3, ""AC"": 0.9, ""REF"": 1.0, ""WM"": 1.0, ""KIT"": 1.1, ""AUD"": 1.5, ""WEA"": 1.5, ""GAM"": 1.6, ""ACC"": 1.3}",7,0.1,"{""default"": 0.7, ""KOC"": 1.6, ""BLR"": 1.0, ""MUM"": 1.0, ""KOL"": 1.0, ""CHE"": 0.9, ""DEL"": 0.8}",dates approximate; verify against a panchang
EV-SNK-25,Sankranti / Pongal 2025,festival,2025-01-13,2025-01-16,2025-01-14,South x1.4,"{""TV"": 1.4, ""PHN"": 1.3, ""LAP"": 1.1, ""TAB"": 1.1, ""AC"": 1.0, ""REF"": 1.4, ""WM"": 1.3, ""KIT"": 1.3, ""AUD"": 1.2, ""WEA"": 1.2, ""GAM"": 1.1, ""ACC"": 1.1}",7,0.05,"{""default"": 0.1, ""CHE"": 1.0, ""HYD"": 0.9, ""BLR"": 0.8, ""KOC"": 0.4, ""AMD"": 0.5}",dates approximate; verify against a panchang
EV-RDS-25,Republic Day Sale 2025,retailer_sale,2025-01-22,2025-01-26,2025-01-26,retailer sale,"{""TV"": 1.35, ""PHN"": 1.3, ""LAP"": 1.3, ""TAB"": 1.25, ""AC"": 1.2, ""REF"": 1.25, ""WM"": 1.25, ""KIT"": 1.2, ""AUD"": 1.3, ""WEA"": 1.3, ""GAM"": 1.25, ""ACC"": 1.2}",3,0.05,"{""default"": 1.0}",dates approximate; verify against a panchang
EV-LNCH-25A,Nimbus launch (spring 2025),launch,2025-03-06,2025-03-20,2025-03-10,national,"{""TV"": 1.0, ""PHN"": 1.35, ""LAP"": 1.0, ""TAB"": 1.0, ""AC"": 1.0, ""REF"": 1.0, ""WM"": 1.0, ""KIT"": 1.0, ""AUD"": 1.05, ""WEA"": 1.1, ""GAM"": 1.0, ""ACC"": 1.0}",5,0.05,"{""default"": 1.0}",new phone launch window
EV-HOL-25,Holi 2025,festival,2025-03-12,2025-03-14,2025-03-14,North,"{""TV"": 1.1, ""PHN"": 1.15, ""LAP"": 1.05, ""TAB"": 1.05, ""AC"": 1.05, ""REF"": 1.05, ""WM"": 1.05, ""KIT"": 1.05, ""AUD"": 1.15, ""WEA"": 1.1, ""GAM"": 1.05, ""ACC"": 1.05}",5,0.0,"{""default"": 0.4, ""DEL"": 1.0, ""JAI"": 1.0, ""LKO"": 1.0, ""CHD"": 0.9, ""AMD"": 0.6, ""KOL"": 0.5, ""BLR"": 0.2, ""HYD"": 0.3, ""CHE"": 0.15, ""KOC"": 0.15}",dates approximate; verify against a panchang
EV-EID-25,Eid al-Fitr 2025,festival,2025-03-28,2025-03-31,2025-03-31,"Hyderabad, Lucknow, Kolkata","{""TV"": 1.25, ""PHN"": 1.3, ""LAP"": 1.05, ""TAB"": 1.1, ""AC"": 1.05, ""REF"": 1.2, ""WM"": 1.1, ""KIT"": 1.2, ""AUD"": 1.2, ""WEA"": 1.25, ""GAM"": 1.05, ""ACC"": 1.1}",10,0.05,"{""default"": 0.4, ""HYD"": 1.0, ""LKO"": 1.0, ""KOL"": 0.8, ""MUM"": 0.7, ""DEL"": 0.7, ""KOC"": 0.8}",dates approximate; verify against a panchang
EV-SUM-25,Summer AC season 2025,season,2025-04-01,2025-06-30,2025-05-20,North x2.5,"{""TV"": 1.0, ""PHN"": 1.0, ""LAP"": 1.0, ""TAB"": 1.0, ""AC"": 2.5, ""REF"": 1.35, ""WM"": 1.0, ""KIT"": 1.0, ""AUD"": 1.0, ""WEA"": 1.0, ""GAM"": 1.0, ""ACC"": 1.0}",25,0.0,"{""default"": 1.0, ""AMD"": 0.9, ""KOL"": 0.85, ""HYD"": 0.8, ""MUM"": 0.5, ""PUN"": 0.55, ""CHE"": 0.35, ""BLR"": 0.25, ""KOC"": 0.25}",climate-driven cooling demand
EV-AKT-25,Akshaya Tritiya 2025,festival,2025-04-28,2025-04-30,2025-04-30,South & West,"{""TV"": 1.15, ""PHN"": 1.0, ""LAP"": 1.0, ""TAB"": 1.0, ""AC"": 1.1, ""REF"": 1.3, ""WM"": 1.25, ""KIT"": 1.3, ""AUD"": 1.0, ""WEA"": 1.0, ""GAM"": 1.0, ""ACC"": 1.0}",5,0.0,"{""default"": 0.8, ""DEL"": 0.6, ""JAI"": 0.6, ""LKO"": 0.6, ""CHD"": 0.6, ""KOL"": 0.5, ""BLR"": 1.0, ""HYD"": 1.0, ""CHE"": 1.0, ""KOC"": 0.9}",dates approximate; verify against a panchang
EV-BTC-25,Back-to-College 2025,season,2025-06-15,2025-07-31,2025-07-10,national,"{""TV"": 1.0, ""PHN"": 1.1, ""LAP"": 1.7, ""TAB"": 1.4, ""AC"": 1.0, ""REF"": 1.0, ""WM"": 1.0, ""KIT"": 1.0, ""AUD"": 1.2, ""WEA"": 1.1, ""GAM"": 1.0, ""ACC"": 1.25}",10,0.05,"{""default"": 1.0}",laptops/tablets for new academic year
EV-IND-25,Independence Day Sale 2025,retailer_sale,2025-08-09,2025-08-15,2025-08-15,national,"{""TV"": 1.35, ""PHN"": 1.3, ""LAP"": 1.3, ""TAB"": 1.25, ""AC"": 1.2, ""REF"": 1.25, ""WM"": 1.25, ""KIT"": 1.2, ""AUD"": 1.3, ""WEA"": 1.3, ""GAM"": 1.25, ""ACC"": 1.2}",3,0.05,"{""default"": 1.0}",retailer sale window
EV-ONM-25,Onam 2025,festival,2025-08-26,2025-09-05,2025-09-05,Kochi,"{""TV"": 1.8, ""PHN"": 1.5, ""LAP"": 1.2, ""TAB"": 1.2, ""AC"": 1.2, ""REF"": 1.7, ""WM"": 1.6, ""KIT"": 1.4, ""AUD"": 1.3, ""WEA"": 1.3, ""GAM"": 1.1, ""ACC"": 1.2}",10,0.1,"{""default"": 0.0, ""KOC"": 1.0, ""CHE"": 0.12, ""BLR"": 0.1}",dates approximate; verify against a panchang
EV-GAN-25,Ganesh Chaturthi 2025,festival,2025-08-27,2025-09-06,2025-08-27,Mumbai/Pune,"{""TV"": 1.4, ""PHN"": 1.3, ""LAP"": 1.1, ""TAB"": 1.1, ""AC"": 1.0, ""REF"": 1.3, ""WM"": 1.25, ""KIT"": 1.3, ""AUD"": 1.3, ""WEA"": 1.2, ""GAM"": 1.1, ""ACC"": 1.1}",7,0.05,"{""default"": 0.1, ""MUM"": 1.0, ""PUN"": 1.0, ""HYD"": 0.5, ""AMD"": 0.3, ""BLR"": 0.3}",dates approximate; verify against a panchang
EV-LNCH-25B,Nimbus launch (autumn 2025),launch,2025-09-08,2025-09-22,2025-09-12,national,"{""TV"": 1.0, ""PHN"": 1.35, ""LAP"": 1.0, ""TAB"": 1.0, ""AC"": 1.0, ""REF"": 1.0, ""WM"": 1.0, ""KIT"": 1.0, ""AUD"": 1.05, ""WEA"": 1.1, ""GAM"": 1.0, ""ACC"": 1.0}",5,0.05,"{""default"": 1.0}",new phone launch window
EV-NAV-25,Navratri 2025,festival,2025-09-22,2025-10-01,2025-10-01,national (strong West),"{""TV"": 1.5, ""PHN"": 1.4, ""LAP"": 1.2, ""TAB"": 1.2, ""AC"": 0.95, ""REF"": 1.4, ""WM"": 1.4, ""KIT"": 1.3, ""AUD"": 1.3, ""WEA"": 1.3, ""GAM"": 1.15, ""ACC"": 1.15}",10,0.05,"{""default"": 0.6, ""AMD"": 1.6, ""MUM"": 1.2, ""PUN"": 1.1, ""DEL"": 0.9, ""JAI"": 1.0, ""LKO"": 0.9, ""CHD"": 0.8, ""BLR"": 0.4, ""HYD"": 0.6, ""CHE"": 0.35, ""KOC"": 0.25, ""KOL"": 0.5}",dates approximate; verify against a panchang
EV-DUR-25,Durga Puja 2025,festival,2025-09-28,2025-10-02,2025-09-30,Kolkata x2.2,"{""TV"": 2.2, ""PHN"": 1.6, ""LAP"": 1.3, ""TAB"": 1.3, ""AC"": 1.0, ""REF"": 2.2, ""WM"": 1.6, ""KIT"": 1.5, ""AUD"": 1.5, ""WEA"": 1.4, ""GAM"": 1.2, ""ACC"": 1.3}",10,0.15,"{""default"": 0.04, ""KOL"": 1.0, ""DEL"": 0.12, ""LKO"": 0.08, ""MUM"": 0.05, ""BLR"": 0.05}",dates approximate; verify against a panchang
EV-DUS-25,Dussehra 2025,festival,2025-10-02,2025-10-02,2025-10-02,national,"{""TV"": 1.4, ""PHN"": 1.3, ""LAP"": 1.2, ""TAB"": 1.15, ""AC"": 1.0, ""REF"": 1.3, ""WM"": 1.3, ""KIT"": 1.2, ""AUD"": 1.2, ""WEA"": 1.2, ""GAM"": 1.1, ""ACC"": 1.1}",5,0.05,"{""default"": 1.0, ""KOL"": 0.5, ""BLR"": 1.1, ""HYD"": 1.1, ""CHE"": 0.7, ""KOC"": 0.6}",dates approximate; verify against a panchang
EV-MEGA-25,Prometheus Mega Fest 2025,retailer_sale,2025-10-10,2025-10-20,,retailer sale window,"{""TV"": 1.2, ""PHN"": 1.15, ""LAP"": 1.15, ""TAB"": 1.15, ""AC"": 1.05, ""REF"": 1.15, ""WM"": 1.15, ""KIT"": 1.15, ""AUD"": 1.15, ""WEA"": 1.15, ""GAM"": 1.15, ""ACC"": 1.15}",2,0.0,"{""default"": 1.0}",dates approximate; verify against a panchang
EV-DIW-25,Diwali 2025,festival,2025-10-13,2025-10-23,2025-10-20,national,"{""TV"": 1.9, ""PHN"": 1.4, ""LAP"": 1.3, ""TAB"": 1.3, ""AC"": 0.8, ""REF"": 1.6, ""WM"": 1.5, ""KIT"": 1.5, ""AUD"": 1.5, ""WEA"": 1.5, ""GAM"": 1.4, ""ACC"": 1.3}",21,0.25,"{""default"": 1.0, ""DEL"": 1.25, ""JAI"": 1.25, ""LKO"": 1.3, ""CHD"": 1.2, ""AMD"": 1.15, ""MUM"": 1.05, ""PUN"": 1.05, ""HYD"": 0.95, ""BLR"": 0.9, ""CHE"": 0.75, ""KOC"": 0.65, ""KOL"": 0.85}",dates approximate; verify against a panchang
EV-DHN-25,Dhanteras 2025,festival,2025-10-16,2025-10-18,2025-10-18,"national (appliances, TVs)","{""TV"": 1.8, ""PHN"": 1.3, ""LAP"": 1.15, ""TAB"": 1.1, ""AC"": 1.1, ""REF"": 2.0, ""WM"": 1.9, ""KIT"": 1.9, ""AUD"": 1.2, ""WEA"": 1.2, ""GAM"": 1.1, ""ACC"": 1.15}",7,0.05,"{""default"": 1.0, ""DEL"": 1.3, ""JAI"": 1.3, ""LKO"": 1.3, ""CHD"": 1.2, ""AMD"": 1.2, ""MUM"": 1.0, ""PUN"": 1.0, ""HYD"": 0.9, ""BLR"": 0.8, ""CHE"": 0.6, ""KOC"": 0.5, ""KOL"": 0.8}",dates approximate; verify against a panchang
EV-WIN-25,Winter cool-down 2025-26,season,2025-11-01,2026-02-20,2026-01-05,North/East,"{""TV"": 1.0, ""PHN"": 1.0, ""LAP"": 1.0, ""TAB"": 1.0, ""AC"": 0.15, ""REF"": 0.85, ""WM"": 1.0, ""KIT"": 1.0, ""AUD"": 1.0, ""WEA"": 1.0, ""GAM"": 1.0, ""ACC"": 1.0}",30,0.0,"{""default"": 1.0, ""KOL"": 0.9, ""AMD"": 0.7, ""MUM"": 0.35, ""PUN"": 0.55, ""HYD"": 0.6, ""BLR"": 0.5, ""CHE"": 0.05, ""KOC"": 0.05}",AC demand collapses in north; Chennai/Kochi unaffected
EV-XMAS-25,Christmas & New Year 2025,festival,2025-12-20,2026-01-01,2025-12-25,"national (Kochi, Goa x)","{""TV"": 1.15, ""PHN"": 1.3, ""LAP"": 1.2, ""TAB"": 1.3, ""AC"": 0.9, ""REF"": 1.0, ""WM"": 1.0, ""KIT"": 1.1, ""AUD"": 1.5, ""WEA"": 1.5, ""GAM"": 1.6, ""ACC"": 1.3}",7,0.1,"{""default"": 0.7, ""KOC"": 1.6, ""BLR"": 1.0, ""MUM"": 1.0, ""KOL"": 1.0, ""CHE"": 0.9, ""DEL"": 0.8}",dates approximate; verify against a panchang
EV-SNK-26,Sankranti / Pongal 2026,festival,2026-01-13,2026-01-16,2026-01-14,South x1.4,"{""TV"": 1.4, ""PHN"": 1.3, ""LAP"": 1.1, ""TAB"": 1.1, ""AC"": 1.0, ""REF"": 1.4, ""WM"": 1.3, ""KIT"": 1.3, ""AUD"": 1.2, ""WEA"": 1.2, ""GAM"": 1.1, ""ACC"": 1.1}",7,0.05,"{""default"": 0.1, ""CHE"": 1.0, ""HYD"": 0.9, ""BLR"": 0.8, ""KOC"": 0.4, ""AMD"": 0.5}",dates approximate; verify against a panchang
EV-RDS-26,Republic Day Sale 2026,retailer_sale,2026-01-22,2026-01-26,2026-01-26,retailer sale,"{""TV"": 1.35, ""PHN"": 1.3, ""LAP"": 1.3, ""TAB"": 1.25, ""AC"": 1.2, ""REF"": 1.25, ""WM"": 1.25, ""KIT"": 1.2, ""AUD"": 1.3, ""WEA"": 1.3, ""GAM"": 1.25, ""ACC"": 1.2}",3,0.05,"{""default"": 1.0}",dates approximate; verify against a panchang
EV-HOL-26,Holi 2026,festival,2026-03-02,2026-03-04,2026-03-04,North,"{""TV"": 1.1, ""PHN"": 1.15, ""LAP"": 1.05, ""TAB"": 1.05, ""AC"": 1.05, ""REF"": 1.05, ""WM"": 1.05, ""KIT"": 1.05, ""AUD"": 1.15, ""WEA"": 1.1, ""GAM"": 1.05, ""ACC"": 1.05}",5,0.0,"{""default"": 0.4, ""DEL"": 1.0, ""JAI"": 1.0, ""LKO"": 1.0, ""CHD"": 0.9, ""AMD"": 0.6, ""KOL"": 0.5, ""BLR"": 0.2, ""HYD"": 0.3, ""CHE"": 0.15, ""KOC"": 0.15}",dates approximate; verify against a panchang
EV-LNCH-26A,Nimbus launch (spring 2026),launch,2026-03-05,2026-03-19,2026-03-09,national,"{""TV"": 1.0, ""PHN"": 1.35, ""LAP"": 1.0, ""TAB"": 1.0, ""AC"": 1.0, ""REF"": 1.0, ""WM"": 1.0, ""KIT"": 1.0, ""AUD"": 1.05, ""WEA"": 1.1, ""GAM"": 1.0, ""ACC"": 1.0}",5,0.05,"{""default"": 1.0}",new phone launch window
EV-EID-26,Eid al-Fitr 2026,festival,2026-03-17,2026-03-20,2026-03-20,"Hyderabad, Lucknow, Kolkata","{""TV"": 1.25, ""PHN"": 1.3, ""LAP"": 1.05, ""TAB"": 1.1, ""AC"": 1.05, ""REF"": 1.2, ""WM"": 1.1, ""KIT"": 1.2, ""AUD"": 1.2, ""WEA"": 1.25, ""GAM"": 1.05, ""ACC"": 1.1}",10,0.05,"{""default"": 0.4, ""HYD"": 1.0, ""LKO"": 1.0, ""KOL"": 0.8, ""MUM"": 0.7, ""DEL"": 0.7, ""KOC"": 0.8}",dates approximate; verify against a panchang
EV-SUM-26,Summer AC season 2026,season,2026-04-01,2026-06-30,2026-05-20,North x2.5,"{""TV"": 1.0, ""PHN"": 1.0, ""LAP"": 1.0, ""TAB"": 1.0, ""AC"": 2.5, ""REF"": 1.35, ""WM"": 1.0, ""KIT"": 1.0, ""AUD"": 1.0, ""WEA"": 1.0, ""GAM"": 1.0, ""ACC"": 1.0}",25,0.0,"{""default"": 1.0, ""AMD"": 0.9, ""KOL"": 0.85, ""HYD"": 0.8, ""MUM"": 0.5, ""PUN"": 0.55, ""CHE"": 0.35, ""BLR"": 0.25, ""KOC"": 0.25}",climate-driven cooling demand
EV-AKT-26,Akshaya Tritiya 2026,festival,2026-04-18,2026-04-20,2026-04-20,South & West,"{""TV"": 1.15, ""PHN"": 1.0, ""LAP"": 1.0, ""TAB"": 1.0, ""AC"": 1.1, ""REF"": 1.3, ""WM"": 1.25, ""KIT"": 1.3, ""AUD"": 1.0, ""WEA"": 1.0, ""GAM"": 1.0, ""ACC"": 1.0}",5,0.0,"{""default"": 0.8, ""DEL"": 0.6, ""JAI"": 0.6, ""LKO"": 0.6, ""CHD"": 0.6, ""KOL"": 0.5, ""BLR"": 1.0, ""HYD"": 1.0, ""CHE"": 1.0, ""KOC"": 0.9}",dates approximate; verify against a panchang
EV-BTC-26,Back-to-College 2026,season,2026-06-15,2026-07-31,2026-07-10,national,"{""TV"": 1.0, ""PHN"": 1.1, ""LAP"": 1.7, ""TAB"": 1.4, ""AC"": 1.0, ""REF"": 1.0, ""WM"": 1.0, ""KIT"": 1.0, ""AUD"": 1.2, ""WEA"": 1.1, ""GAM"": 1.0, ""ACC"": 1.25}",10,0.05,"{""default"": 1.0}",laptops/tablets for new academic year
EV-IND-26,Independence Day Sale 2026,retailer_sale,2026-08-09,2026-08-15,2026-08-15,national,"{""TV"": 1.35, ""PHN"": 1.3, ""LAP"": 1.3, ""TAB"": 1.25, ""AC"": 1.2, ""REF"": 1.25, ""WM"": 1.25, ""KIT"": 1.2, ""AUD"": 1.3, ""WEA"": 1.3, ""GAM"": 1.25, ""ACC"": 1.2}",3,0.05,"{""default"": 1.0}",retailer sale window
EV-ONM-26,Onam 2026,festival,2026-08-17,2026-08-26,2026-08-26,Kochi,"{""TV"": 1.8, ""PHN"": 1.5, ""LAP"": 1.2, ""TAB"": 1.2, ""AC"": 1.2, ""REF"": 1.7, ""WM"": 1.6, ""KIT"": 1.4, ""AUD"": 1.3, ""WEA"": 1.3, ""GAM"": 1.1, ""ACC"": 1.2}",10,0.1,"{""default"": 0.0, ""KOC"": 1.0, ""CHE"": 0.12, ""BLR"": 0.1}",dates approximate; verify against a panchang
EV-LNCH-26B,Nimbus launch (autumn 2026),launch,2026-09-08,2026-09-22,2026-09-12,national,"{""TV"": 1.0, ""PHN"": 1.35, ""LAP"": 1.0, ""TAB"": 1.0, ""AC"": 1.0, ""REF"": 1.0, ""WM"": 1.0, ""KIT"": 1.0, ""AUD"": 1.05, ""WEA"": 1.1, ""GAM"": 1.0, ""ACC"": 1.0}",5,0.05,"{""default"": 1.0}",new phone launch window
EV-GAN-26,Ganesh Chaturthi 2026,festival,2026-09-14,2026-09-24,2026-09-14,Mumbai/Pune,"{""TV"": 1.4, ""PHN"": 1.3, ""LAP"": 1.1, ""TAB"": 1.1, ""AC"": 1.0, ""REF"": 1.3, ""WM"": 1.25, ""KIT"": 1.3, ""AUD"": 1.3, ""WEA"": 1.2, ""GAM"": 1.1, ""ACC"": 1.1}",7,0.05,"{""default"": 0.1, ""MUM"": 1.0, ""PUN"": 1.0, ""HYD"": 0.5, ""AMD"": 0.3, ""BLR"": 0.3}",dates approximate; verify against a panchang
EV-NAV-26,Navratri 2026,festival,2026-10-12,2026-10-21,2026-10-21,national (strong West),"{""TV"": 1.5, ""PHN"": 1.4, ""LAP"": 1.2, ""TAB"": 1.2, ""AC"": 0.95, ""REF"": 1.4, ""WM"": 1.4, ""KIT"": 1.3, ""AUD"": 1.3, ""WEA"": 1.3, ""GAM"": 1.15, ""ACC"": 1.15}",10,0.05,"{""default"": 0.6, ""AMD"": 1.6, ""MUM"": 1.2, ""PUN"": 1.1, ""DEL"": 0.9, ""JAI"": 1.0, ""LKO"": 0.9, ""CHD"": 0.8, ""BLR"": 0.4, ""HYD"": 0.6, ""CHE"": 0.35, ""KOC"": 0.25, ""KOL"": 0.5}",dates approximate; verify against a panchang
EV-DUR-26,Durga Puja 2026,festival,2026-10-16,2026-10-21,2026-10-19,"Kolkata x2.2, East x1.5","{""TV"": 2.2, ""PHN"": 1.6, ""LAP"": 1.3, ""TAB"": 1.3, ""AC"": 1.0, ""REF"": 2.2, ""WM"": 1.6, ""KIT"": 1.5, ""AUD"": 1.5, ""WEA"": 1.4, ""GAM"": 1.2, ""ACC"": 1.3}",10,0.15,"{""default"": 0.04, ""KOL"": 1.0, ""DEL"": 0.12, ""LKO"": 0.08, ""MUM"": 0.05, ""BLR"": 0.05}",dates approximate; verify against a panchang
EV-DUS-26,Dussehra 2026,festival,2026-10-21,2026-10-21,2026-10-21,national,"{""TV"": 1.4, ""PHN"": 1.3, ""LAP"": 1.2, ""TAB"": 1.15, ""AC"": 1.0, ""REF"": 1.3, ""WM"": 1.3, ""KIT"": 1.2, ""AUD"": 1.2, ""WEA"": 1.2, ""GAM"": 1.1, ""ACC"": 1.1}",5,0.05,"{""default"": 1.0, ""KOL"": 0.5, ""BLR"": 1.1, ""HYD"": 1.1, ""CHE"": 0.7, ""KOC"": 0.6}",dates approximate; verify against a panchang
EV-DIW-26,Diwali 2026,festival,2026-10-30,2026-11-11,2026-11-08,national - headline,"{""TV"": 1.9, ""PHN"": 1.4, ""LAP"": 1.3, ""TAB"": 1.3, ""AC"": 0.8, ""REF"": 1.6, ""WM"": 1.5, ""KIT"": 1.5, ""AUD"": 1.5, ""WEA"": 1.5, ""GAM"": 1.4, ""ACC"": 1.3}",21,0.25,"{""default"": 1.0, ""DEL"": 1.25, ""JAI"": 1.25, ""LKO"": 1.3, ""CHD"": 1.2, ""AMD"": 1.15, ""MUM"": 1.05, ""PUN"": 1.05, ""HYD"": 0.95, ""BLR"": 0.9, ""CHE"": 0.75, ""KOC"": 0.65, ""KOL"": 0.85}",dates approximate; verify against a panchang
EV-MEGA-26,Prometheus Mega Fest 2026,retailer_sale,2026-10-30,2026-11-09,,retailer sale window,"{""TV"": 1.2, ""PHN"": 1.15, ""LAP"": 1.15, ""TAB"": 1.15, ""AC"": 1.05, ""REF"": 1.15, ""WM"": 1.15, ""KIT"": 1.15, ""AUD"": 1.15, ""WEA"": 1.15, ""GAM"": 1.15, ""ACC"": 1.15}",2,0.0,"{""default"": 1.0}",dates approximate; verify against a panchang
EV-WIN-26,Winter cool-down 2026-27,season,2026-11-01,2027-02-20,2027-01-05,North/East,"{""TV"": 1.0, ""PHN"": 1.0, ""LAP"": 1.0, ""TAB"": 1.0, ""AC"": 0.15, ""REF"": 0.85, ""WM"": 1.0, ""KIT"": 1.0, ""AUD"": 1.0, ""WEA"": 1.0, ""GAM"": 1.0, ""ACC"": 1.0}",30,0.0,"{""default"": 1.0, ""KOL"": 0.9, ""AMD"": 0.7, ""MUM"": 0.35, ""PUN"": 0.55, ""HYD"": 0.6, ""BLR"": 0.5, ""CHE"": 0.05, ""KOC"": 0.05}",AC demand collapses in north; Chennai/Kochi unaffected
EV-DHN-26,Dhanteras 2026,festival,2026-11-04,2026-11-06,2026-11-06,"national (appliances, TVs)","{""TV"": 1.8, ""PHN"": 1.3, ""LAP"": 1.15, ""TAB"": 1.1, ""AC"": 1.1, ""REF"": 2.0, ""WM"": 1.9, ""KIT"": 1.9, ""AUD"": 1.2, ""WEA"": 1.2, ""GAM"": 1.1, ""ACC"": 1.15}",7,0.05,"{""default"": 1.0, ""DEL"": 1.3, ""JAI"": 1.3, ""LKO"": 1.3, ""CHD"": 1.2, ""AMD"": 1.2, ""MUM"": 1.0, ""PUN"": 1.0, ""HYD"": 0.9, ""BLR"": 0.8, ""CHE"": 0.6, ""KOC"": 0.5, ""KOL"": 0.8}",dates approximate; verify against a panchang
EV-XMAS-26,Christmas & New Year 2026,festival,2026-12-20,2027-01-01,2026-12-25,"national (Kochi, Goa x)","{""TV"": 1.15, ""PHN"": 1.3, ""LAP"": 1.2, ""TAB"": 1.3, ""AC"": 0.9, ""REF"": 1.0, ""WM"": 1.0, ""KIT"": 1.1, ""AUD"": 1.5, ""WEA"": 1.5, ""GAM"": 1.6, ""ACC"": 1.3}",7,0.1,"{""default"": 0.7, ""KOC"": 1.6, ""BLR"": 1.0, ""MUM"": 1.0, ""KOL"": 1.0, ""CHE"": 0.9, ""DEL"": 0.8}",dates approximate; verify against a panchang
EV-SNK-27,Sankranti / Pongal 2027,festival,2027-01-13,2027-01-16,2027-01-14,South x1.4,"{""TV"": 1.4, ""PHN"": 1.3, ""LAP"": 1.1, ""TAB"": 1.1, ""AC"": 1.0, ""REF"": 1.4, ""WM"": 1.3, ""KIT"": 1.3, ""AUD"": 1.2, ""WEA"": 1.2, ""GAM"": 1.1, ""ACC"": 1.1}",7,0.05,"{""default"": 0.1, ""CHE"": 1.0, ""HYD"": 0.9, ""BLR"": 0.8, ""KOC"": 0.4, ""AMD"": 0.5}",dates approximate; verify against a panchang
EV-RDS-27,Republic Day Sale 2027,retailer_sale,2027-01-22,2027-01-26,2027-01-26,retailer sale,"{""TV"": 1.35, ""PHN"": 1.3, ""LAP"": 1.3, ""TAB"": 1.25, ""AC"": 1.2, ""REF"": 1.25, ""WM"": 1.25, ""KIT"": 1.2, ""AUD"": 1.3, ""WEA"": 1.3, ""GAM"": 1.25, ""ACC"": 1.2}",3,0.05,"{""default"": 1.0}",dates approximate; verify against a panchang
